"name","artist","cluster_id"
"Bezzle","{T.I.,8Ball,MJG,""Bun B""}",0
"Ackan","{Sido,""Dillon Cooper""}",0
"Gürtel am Arm","{Sido}",0
"More & More (feat. Jeezy)","{T.I.}",0
"Selfie","{Sido}",0
"Lolita","{""Lana Del Rey""}",0
"Zu wahr","{Sido}",0
"30-11-80 (feat. Eko Fresh, Lakman, Laas Unltd., Nazar, Frauenarzt, Manny Marc, Bushido, BK, Olli Banjo, Tarek, Smudo, Erick Sermon, MoTrip, Moses Pelham, B.S.H, Afrob, Dr. Renz & B-Tight)","{Sido}",0
"Laugh At Em","{T.I.}",0
"Einer Dieser Steine (feat. Mark Forster)","{Sido}",0
"I Can’t Quit","{T.I.}",0
"Für ewig","{Sido}",0
"Zuhause ist die Welt noch in Ordnung","{Sido,""Adel Tawil""}",0
"Vom Frust der Reichen","{Sido}",0
"King of da South","{T.I.}",0
"Mouth of the River","{""Imagine Dragons""}",1
"Of Moons, Birds & Monsters","{MGMT}",1
"Run (live at Somerset House)","{""Snow Patrol""}",1
"Dangerous and Moving","{t.A.T.u.}",1
"Flowerball","{""The Wombats""}",1
"The Girl in the Dirty Shirt (Mustique demo)","{Oasis}",1
"Hopeless Opus","{""Imagine Dragons""}",1
"Guiding Light","{Muse}",1
"Leaves","{""Son Lux""}",1
"Slide Away (Remastered 2016)","{""The Verve""}",1
"Longview","{""Green Day""}",1
"Sticky Teenage Twin","{""Snow Patrol""}",1
"Last Ride In","{""Green Day""}",1
"The Invisible Man","{Queen}",1
"Get Balsamic Vinegar… Quick You Fool","{""Snow Patrol""}",1
"Dream State","{""Son Lux""}",2
"Enough Is Enough","{""Post Malone""}",2
"HIGHEST IN THE ROOM","{""Travis Scott""}",2
"STOP TRYING TO BE GOD","{""Travis Scott""}",2
"THANK GOD","{""Travis Scott""}",2
"Spaceship Coupe","{""Justin Timberlake""}",2
"False Confidence","{""Noah Kahan""}",2
"The Dark Dresses Lightly","{AURORA}",2
"Black Bathing Suit","{""Lana Del Rey""}",2
"Your Heart Home","{""Snow Patrol""}",2
"Sweetest Devotion","{Adele}",2
"Money Make Her Smile","{""Bruno Mars""}",2
"Carmen","{""Lana Del Rey""}",2
"Winner","{""Ellie Goulding""}",2
"Fire in These Hills","{""Imagine Dragons""}",2
"Angels","{Khalid}",3
"I See You","{""Aimee Mann""}",3
"For You","{""Laura Marling""}",3
"Voyage Voyage","{Soap,Skin}",3
"The Shadows","{""Laura Marling""}",3
"Don't Let Me Be Misunderstood","{""Lana Del Rey""}",3
"You're Not Sorry","{""Taylor Swift""}",3
"Young","{""Son Lux""}",3
"Lay Me Down","{Adele}",3
"Shapes","{SHAED}",3
"Grace","{Florence,""the Machine""}",3
"Run Run Run","{""Kelly Clarkson"",""John Legend""}",3
"Lost","{Soap,Skin}",3
"And Love","{Florence,""the Machine""}",3
"Oceans Away","{""Elton John""}",3
"South of the Border","{""Ed Sheeran"",""Camila Cabello"",""Cardi B""}",4
"Letter to My Son","{""Roddy Ricch""}",4
"Belly of the Beast","{""Roddy Ricch""}",4
"Skeletons","{""Ed Sheeran""}",4
"Under the Circus Lights","{""Owl City""}",4
"Forever","{""Justin Bieber"",""Post Malone"",Clever}",4
"DOLLA SIGN SLIME","{""Lil Nas X"",""Megan Thee Stallion""}",4
"Trigger","{Anne-Marie}",4
"Switch Lanes","{Tyga,""The Game""}",4
"obvious","{""Ariana Grande""}",4
"Toscana Fanboys","{""Peter Fox"",""Adriano Celentano""}",4
"Some Kind of Drug","{G‐Eazy,""Marc E. Bassy""}",4
"Used to Love You","{Anne-Marie}",4
"5 Star (feat. Gunna)","{""Wiz Khalifa""}",4
"LUNCH","{""Billie Eilish""}",4
"Day Too Soon (Album Version)","{Sia}",5
"Chained","{""The xx""}",5
"This Could Be a Dream","{AURORA}",5
"Because I Had You","{""Shawn Mendes""}",5
"No Mistakes","{Ye}",5
"I Was a Teenage Teenager","{""Green Day""}",5
"Eye of the Needle","{Sia}",5
"Money Slidin","{B.o.B,""TTO K.T."",Jace}",5
"Stream Of Consciousness","{""Lola Young""}",5
"i just wanna fucking cry","{""San Holo"",""The Nicholas""}",5
"Easy Come Easy Go","{""Imagine Dragons""}",5
"You Let Me Down","{""Alessia Cara""}",5
"Cool Out","{""Imagine Dragons""}",5
"I Can’t Be Myself","{""Justin Bieber"",Jaden}",5
"Florida!!!","{""Taylor Swift"",Florence,""the Machine""}",5
"Better Than This","{Keane}",6
"Clear","{""twenty one pilots""}",6
"These Days","{""Take That""}",6
"Criminal World","{""David Bowie""}",6
"Starlight","{Muse}",6
"Afternoon High","{a‐ha}",6
"Co-Pilot","{""Andy Grammer""}",6
"Breakout","{""Miley Cyrus""}",6
"Cachito Bandito","{""Mr. President""}",6
"G.N.O. (Girl’s Night Out)","{""Miley Cyrus""}",6
"Dollar Signs","{""Calvin Harris"",Tinashe}",6
"Red Light Indicates Doors Are Secured","{""Arctic Monkeys""}",6
"Spinning the Wheel (radio edit)","{""George Michael""}",6
"Watch Out","{ABBA}",6
"Crystal Ball","{Keane}",6
"Rock 'n' Roll Star","{Oasis}",7
"Be Here Now","{Oasis}",7
"Stone Cold Crazy","{Queen}",7
"Geek Stink Breath (live at the Electric Factory, Philadelphia 11/14/97)","{""Green Day""}",7
"Warriors","{""Imagine Dragons""}",7
"Minority (live at Irving Plaza, New York, NY, 9/21/04)","{""Green Day""}",7
"Rock ’n’ Roll Star","{Oasis}",7
"Bring It On Down (Monnow Valley version)","{Oasis}",7
"Digsy’s Dinner","{Oasis}",7
"Expectation","{""Tame Impala""}",7
"Velvet Morning (Live At Haigh Hall, Wigan / 24th May 1998)","{""The Verve""}",7
"Pretty Sweet","{""Frank Ocean""}",7
"Until the Night Turns","{""Lord Huron""}",7
"Toy Boy (live)","{MIKA}",7
"Cigarettes & Alcohol","{Oasis}",7
"How I Learned to Love the Bomb","{""Glass Animals""}",8
"Tokyo Drifting","{""Glass Animals"",""Denzel Curry""}",8
"Monster","{""Shawn Mendes"",""Justin Bieber""}",8
"Love Is Back","{Celeste}",8
"My Darling (Album Version)","{Eminem}",8
"Feel No Pain","{Sade}",8
"Hinter dem Mond","{Bosse}",8
"Guyanese Moshpit","{""SAINt JHN""}",8
"Sing for the Moment","{Eminem}",8
"Lost","{""Frank Ocean""}",8
"(Isn’t It) Obvious","{""Alessia Cara""}",8
"The Defeat","{""Ben Howard""}",8
"Sports Car","{""Tate McRae""}",8
"Hey Hey Hey","{""Katy Perry""}",8
"Higher Power","{Coldplay}",8
"We’ll Be Coming Back","{""Calvin Harris"",Example}",9
"Weapons","{""Ava Max""}",9
"You Are My Diamond","{Tiesto,""Kianna Alarid""}",9
"Techno Fan","{""The Wombats""}",9
"Aura","{""Lady Gaga""}",9
"Where Have You Been","{Rihanna}",9
"Learn How to Surf","{""Owl City""}",9
"LoveDrug","{""Lady Gaga""}",9
"Superheroes","{""Daft Punk"",""Barry Manilow"",""Marty Panzer""}",9
"All I Want Is You","{""Justin Bieber""}",9
"Watch n’ Learn","{Rihanna}",9
"Cruel Summer","{""Ace of Base""}",9
"I Can't Get Enough","{""Mr. President""}",9
"Last Night on Earth","{""Ava Max""}",9
"Tokyo Girl","{""Ace of Base""}",9
"English Tea","{""Paul McCartney""}",10
"Good News","{Lena}",10
"Jimmy","{""Tones and I""}",10
"Somewhere in Brooklyn","{""Bruno Mars""}",10
"TODO","{""Becky G"",Delilah}",10
"Das Paradies (Akustisch)","{Bosse}",10
"Intro","{""Chris Brown""}",10
"Sweet but Psycho (acoustic)","{""Ava Max""}",10
"ICU (Madison’s Lullabye)","{""Demi Lovato""}",10
"Sweet Heroine","{YUNGBLUD}",10
"Moving","{""Ed Sheeran""}",10
"Power Couple","{Labrinth}",10
"Sycamore","{""Ed Sheeran""}",10
"House Wren","{""Owl City""}",10
"Teenage Girls","{Lena}",10
"Alien Choir","{Coldplay}",11
"71 Charger (Strings)","{Loreen}",11
"Square One","{Coldplay}",11
"A Short Reprise for Mary Todd, Who Went Insane, but for Very Good Reasons","{""Sufjan Stevens""}",11
"Poison Passion","{""Marit Larsen""}",11
"Only Mama Knows","{""Paul McCartney""}",11
"It's a Beautiful Day","{Queen}",11
"The Wave","{""Patrick Watson""}",11
"Enough","{""Fred again.."",""Brian Eno""}",11
"Opening Station","{""Paul McCartney""}",11
"She’s Out of My Life","{""Michael Jackson""}",11
"M.M.I.X","{Coldplay}",11
"Because","{""The Beatles""}",11
"Let’s Hear That String Part Again, Because I Don’t Think They Heard It All the Way Out in Bushnell","{""Sufjan Stevens""}",11
"My Love, My Life","{ABBA}",11
"What Up, What's Haapnin'","{T.I.}",12
"Survival (Feat. Liz Rodrigues)","{Eminem}",12
"Die for the Hype","{YUNGBLUD}",12
"Turn the Music Up","{NF}",12
"Around U","{""Ellie Goulding""}",12
"Zero","{""Imagine Dragons""}",12
"Starlight (Keep Me Afloat)","{""Martin Garrix"",DubVision,""Shaun Farrugia""}",12
"Dance With Me","{""Kelly Clarkson""}",12
"Treat You Better","{""Shawn Mendes""}",12
"Famous","{""Charli xcx""}",12
"Back Home","{""Andy Grammer""}",12
"If You Want It","{""Take That""}",12
"Hold Me Tight Or Don't","{""Fall Out Boy""}",12
"Take My Hand","{""Charli xcx""}",12
"Heavy Traffic","{""Elton John""}",12
"Satellite","{""Natalie Imbruglia""}",13
"Girl Gone Wild","{Madonna}",13
"She (4‐track demo)","{""Green Day""}",13
"LA NENA","{""Becky G"",""Gabito Ballesteros""}",13
"Dreams","{""Bill Withers""}",13
"Walk in Sand","{Prince}",13
"Bad Ideas","{""Alle Farben""}",13
"Harder, Better, Faster, Stronger","{""Daft Punk""}",13
"Drunk in the Morning","{""Lukas Graham""}",13
"Under Attack","{ABBA}",13
"Buttons","{Sia}",13
"See Your Sunshine","{""Paul McCartney""}",13
"My Very Good Friend the Milkman","{""Paul McCartney""}",13
"Days I Hate Myself","{""Take That""}",13
"Wood","{""Taylor Swift""}",13
"Rocket Man (I Think It's Going to Be a Long, Long Time)","{""Elton John""}",14
"Cry","{""James Blunt""}",14
"Lily of the Valley","{Queen}",14
"Teddy Boy","{""Paul McCartney""}",14
"The Starting Line","{Keane}",14
"Love You To (unnumbered rehearsal)","{""The Beatles""}",14
"Dark Is the Night for All","{a‐ha}",14
"Swerve (101)","{""The Wombats""}",14
"Blue Avenue","{""Elton John""}",14
"Set the Fire to the Third Bar","{""Snow Patrol"",""Martha Wainwright""}",14
"This Is the Future","{""Owl City""}",14
"Moment’s Silence (Common Tongue)","{Hozier}",14
"White Queen (As It Began)","{Queen}",14
"A Loverless Bed (W/out Remission)","{""Sufjan Stevens""}",14
"Yes","{Avicii,""Chris Martin""}",14
"Parking Lot (skit)","{Eminem}",15
"Yah Yah","{Eminem,""Royce da 5'9\"""",""Black Thought"",Q-Tip,dEnAuN}",15
"Spaceship (feat. Sheck Wes)","{""Don Toliver""}",15
"Love Game","{Tyga}",15
"Red Balloon","{""Charli xcx""}",15
"Bleed It Out","{""Linkin Park""}",15
"Rockstar","{Nickelback}",15
"The Mighty Fall","{""Fall Out Boy"",""Big Sean""}",15
"You're Never Over","{Eminem}",15
"Don’t Bring Me Down (stereo version)","{""The Animals""}",15
"Whenever, Wherever (Sahara mix)","{Shakira}",15
"Supposed","{""James Arthur""}",15
"Break the Rules","{""Charli xcx""}",15
"F‐E‐E‐L","{""The Animals""}",15
"This Is What Makes Us Girls","{""Lana Del Rey""}",15
"That Would Be Something","{""Paul McCartney""}",16
"I Believe in Father Christmas (Bonus Track)","{""Robbie Williams""}",16
"More Matey","{Keane}",16
"Winter Bird / When Winter Comes","{""Paul McCartney""}",16
"Gracious","{""Ben Howard""}",16
"Hey Ahab","{""Elton John"",""Leon Russell""}",16
"Sunburn","{""Ed Sheeran""}",16
"Soon","{""Angie McMahon""}",16
"Murder Song (acoustic)","{AURORA}",16
"Oceans","{Coldplay}",16
"Mahogany","{""Snow Patrol""}",16
"Should Have Known Better (demo)","{""Sufjan Stevens""}",16
"Undine","{""Laura Marling""}",16
"Old Pine","{""Ben Howard""}",16
"Death With Dignity","{""Sufjan Stevens""}",16
"Magnetic","{""Phillip Phillips""}",17
"Fans","{""Kings of Leon""}",17
"Blick Zurück","{""Herbert Gronemeyer""}",17
"Viertel Vor","{""Herbert Gronemeyer""}",17
"Set Fire to the Rain","{Adele}",17
"Musik nur, wenn sie laut ist","{""Herbert Gronemeyer""}",17
"Posthumous Forgiveness","{""Tame Impala""}",17
"Keine Garantie","{""Herbert Gronemeyer""}",17
"Not a Bad Thing","{""Justin Timberlake""}",17
"Einmal","{""Herbert Gronemeyer""}",17
"You Got It","{NSYNC}",17
"Amnesia","{""Justin Timberlake""}",17
"Etwas Warmes","{""Herbert Gronemeyer""}",17
"Why Can’t We Live Together","{Sade}",17
"Viel zu viel","{""Herbert Gronemeyer""}",17
"Hallelujah","{""Shawn Mendes""}",18
"Ich Dreh Mich Um Dich","{""Herbert Gronemeyer""}",18
"Wake Me Up","{""Ed Sheeran""}",18
"It Might Be Time","{""Tame Impala""}",18
"Angst","{""Herbert Gronemeyer""}",18
"Currywurst","{""Herbert Gronemeyer""}",18
"Art of Understanding","{""Coyote Theory""}",18
"Lovesong","{Adele}",18
"Kein Verlust","{""Herbert Gronemeyer""}",18
"Don't You Remember","{Adele}",18
"Curb","{Nickelback}",18
"Silent Night","{""Alexander Rybak""}",18
"Bist Du taub","{""Herbert Gronemeyer""}",18
"I'll Be Home for Christmas","{""Alexander Rybak""}",18
"Mary Ellen Makes the Moment Count (live Oslo 2001)","{a‐ha}",18
"Rain (take 5 / slowed down for master tape)","{""The Beatles""}",19
"Family Table","{""Bill Withers""}",19
"People Make The World Go 'Round","{""Michael Jackson""}",19
"Polythene Pam","{""The Beatles""}",19
"Time for Change","{""Robbie Williams""}",19
"Doggin' Around","{""Michael Jackson""}",19
"Seaside Rendezvous","{Queen}",19
"VISTO CARO","{""Becky G""}",19
"And Your Bird Can Sing (first version / take 2)","{""The Beatles""}",19
"Solar Prestige a Gammon","{""Elton John""}",19
"Ghosts","{""Robbie Williams""}",19
"Bound 2","{Ye}",19
"From The Jump (Duet Version)","{""James Arthur"",""Kelly Clarkson""}",19
"Make Love to Your Mind","{""Bill Withers""}",19
"Lucy in the Sky With Diamonds (remastered 2017)","{""The Beatles""}",19
"Big Ideas","{""Arctic Monkeys""}",20
"Marion","{""Bon Iver""}",20
"Isaac","{Madonna}",20
"The Night We Met","{""Lord Huron""}",20
"She Said She Said (take 15 / backing track rehearsal)","{""The Beatles""}",20
"I Was Just a Card","{""Laura Marling""}",20
"On the Day Shift Now / All Things Must Pass (Rehearsals) (mono)","{""The Beatles""}",20
"Waiting for Her","{a‐ha}",20
"Don’t Go Away (demo)","{Oasis}",20
"Goodbye England (Covered in Snow)","{""Laura Marling""}",20
"8 (circle)","{""Bon Iver""}",20
"Golden Slumbers","{""The Beatles""}",20
"Blues for Baby and Me","{""Elton John""}",20
"Saved These Words","{""Laura Marling""}",20
"Jacksonville","{""Sufjan Stevens""}",20
"Kisses of Fire","{ABBA}",21
"Never Change","{""Lukas Graham""}",21
"New Heights","{""Ellie Goulding""}",21
"I’ve Been Waiting for You","{ABBA}",21
"You Keep Me Crawling","{AURORA}",21
"Finally","{""James Arthur""}",21
"Natural","{""Imagine Dragons""}",21
"Fall Apart","{""Tones and I""}",21
"Das Paradies","{Bosse}",21
"Rocket in the Sky","{SHAED}",21
"Let's Not Go Shopping","{""Robbie Williams""}",21
"Elizabeth Taylor","{""Taylor Swift""}",21
"Only Our Hearts","{""Paul McCartney""}",21
"Trampoline","{SHAED,ZAYN}",21
"Disaster Button","{""Snow Patrol""}",21
"My Song","{""Alessia Cara""}",22
"Wonderland","{Seafret}",22
"Home Is Where the Hurt Is","{""The Script""}",22
"Friday I'm in Love","{""Natalie Imbruglia""}",22
"World We Used To Know","{""Alan Walker"",""Winona Oak""}",22
"Bad Reputation","{Avicii,""Joe Janiak""}",22
"No Regrets","{Eminem,""Don Toliver""}",22
"Discombobulated","{Eminem}",22
"Beautiful (Album Version)","{Eminem}",22
"Cynic","{""Noah Kahan""}",22
"Running Wild (Tumblr Girls 2)","{G‐Eazy}",22
"KRYPTONITE","{""Don Toliver""}",22
"Like I do","{""Tate McRae""}",22
"Remember","{""Liam Payne""}",22
"World We Used To Know","{""Alan Walker""}",22
"Spy","{Shakira,""Wyclef Jean""}",23
"Oasis","{""The Kooks""}",23
"I Know Love","{""Tate McRae"",""The Kid LAROI""}",23
"Nice to Meet You","{""Imagine Dragons""}",23
"Keep the Conversation - (Feat. Boaz)","{""Wiz Khalifa""}",23
"High","{Sido}",23
"End of an Era","{""Dua Lipa""}",23
"God Is a Dancer","{Tiesto,Mabel}",23
"Ugly Bitches","{Coolio}",23
"I Don’t Care","{""Ed Sheeran"",""Justin Bieber""}",23
"Dreaming","{""Tones and I""}",23
"Doga Doga","{Arash,Medina}",23
"Youngster","{""James Blunt""}",23
"Unsaid","{""The Script""}",23
"You Don't Know Me Like That","{""Tones and I""}",23
"Skin","{Sade}",24
"Dreamland (Mindchatter remix)","{""Glass Animals""}",24
"Two Dope Boyz (In a Cadillac)  (Instrumental)","{OutKast}",24
"Hand to Mouth","{""George Michael""}",24
"Television Rules the Nation","{""Daft Punk""}",24
"Space Cadet","{Flume,""Ghostface Killah"",""Autre Ne Veut""}",24
"Giorgio by Moroder","{""Daft Punk""}",24
"Babylon  (Instrumental)","{OutKast}",24
"Cherish the Day","{Sade}",24
"Dirty Mind","{Prince}",24
"Fever","{""Boney M.""}",24
"California Gurls (Passion Pit main mix)","{""Katy Perry"",""Snoop Dogg""}",24
"Anathema","{""twenty one pilots""}",24
"Day Glow Fire","{""Future Islands""}",24
"Immigrant","{Sade}",24
"Dr. West (skit)","{Eminem}",25
"Those Kinda Nights","{Eminem,""Ed Sheeran""}",25
"Jesus Walks","{Ye}",25
"In the Trunk","{Chamillionaire}",25
"The Rooster","{OutKast}",25
"Downtown","{Macklemore,""Ryan Lewis"",""Grandmaster Melle Mel"",""Grandmaster Caz"",""Kool Moe Dee"",""Eric Nally""}",25
"Ghetto Cartoon","{Coolio}",25
"In Too Deep","{Eminem}",25
"No Snitchin’","{Chamillionaire}",25
"MELTDOWN","{""Travis Scott"",Drake}",25
"Freaks","{""French Montana"",""Nicki Minaj""}",25
"Encore / (Curtains)","{Eminem,""Dr. Dre"",""50 Cent""}",25
"Bounce","{""Iggy Azalea""}",25
"[untitled]","{Eminem}",25
"Star of the Show","{""Wiz Khalifa"",""Chevy Woods"",""Ty Dolla $ign""}",25
"Have I Told You Lately That I Love You","{""Michael Buble"",""Naturally 7""}",26
"lacy","{""Olivia Rodrigo""}",26
"ocean eyes","{""Billie Eilish""}",26
"All to Me","{GIVEON}",26
"Runaway","{AURORA}",26
"By the Time","{MIKA}",26
"Remind You","{""Andy Grammer""}",26
"ivy","{""Taylor Swift""}",26
"Swings Both Ways (feat. Rufus Wainwright)","{""Robbie Williams""}",26
"Out of Love","{""Alessia Cara""}",26
"Devotion","{""Justin Bieber"",Dijon}",26
"Peter","{""Taylor Swift""}",26
"Wildflower and Barley","{Hozier,""Allison Russell""}",26
"intro (end of the world)","{""Ariana Grande""}",26
"WILDFLOWER","{""Billie Eilish""}",26
"Chump (live at Woodstock 1994)","{""Green Day""}",27
"Very Ape","{""Post Malone""}",27
"Twenties","{Ghost}",27
"Chump (live at Garatge Club, Barcelona 1994)","{""Green Day""}",27
"Bouncing Off the Wall","{""Green Day""}",27
"Psycho","{Muse}",27
"Psycho","{Muse}",27
"Do You Love Me","{""Die Toten Hosen""}",27
"East Jesus Nowhere","{""Green Day""}",27
"Jesus of Suburbia (live at Makuhari Messe, Tokyo, Japan, 3/19/05)","{""Green Day""}",27
"She’s Sure the Girl I Love","{""Die Toten Hosen""}",27
"Kiss It Goodbye","{Nickelback}",27
"Are We the Waiting (live at Makuhari Messe, Tokyo, Japan, 3/19/05)","{""Green Day""}",27
"American Idiot (live at Irving Plaza, New York, NY, 9/21/04)","{""Green Day""}",27
"Vegas Bomb","{Nickelback}",27
"Teterboro Flow","{Tyga}",28
"Synthesizer","{OutKast,""George Clinton""}",28
"Hypno","{T.I.,Rahky}",28
"Remember Me?","{Eminem,""RBX and Sticky Fingaz""}",28
"Tone Deaf","{Eminem}",28
"I Got One for Ya’","{""Kid Rock""}",28
"Locked & Loaded (Feat. Kev Da Hustla)","{""Wiz Khalifa""}",28
"Muh Fucka","{Tyga,A.E}",28
"Little Engine","{Eminem}",28
"You Got Me","{G‐Eazy}",28
"Latin Girls (Feat. Debi Nova)","{""The Black Eyed Peas""}",28
"Bowtie (Postlude)","{OutKast}",28
"No Singles","{""Wiz Khalifa""}",28
"Fergalicious","{Fergie}",28
"I’m Back","{Eminem}",28
"Barfly","{""Aimee Mann""}",29
"Nevertheless (I’m in Love with You)","{""Michael Buble"",""The Puppini Sisters""}",29
"Where Nobody Knows","{""Kings of Leon""}",29
"Little Jeannie","{""Elton John""}",29
"Above the Trees","{""Corey Hart""}",29
"Get Yourself Another Fool","{""Paul McCartney""}",29
"Turn the Lights Out When You Leave","{""Elton John""}",29
"Wonderful River","{Keane}",29
"Lay It on Me","{""Vance Joy""}",29
"no body, no crime","{""Taylor Swift"",HAIM}",29
"That’s Life","{""Michael Buble""}",29
"This One","{""Vance Joy""}",29
"Salvation","{""Elton John""}",29
"Love Ain’t Here Anymore","{""Take That""}",29
"Driving Sideways","{""Aimee Mann""}",29
"Fear","{OneRepublic}",30
"Glada","{""Future Islands""}",30
"Roll It Over","{Oasis}",30
"Intermezzo No. 1","{ABBA}",30
"No Loss","{""The Range""}",30
"Slow Night, So Long","{""Kings of Leon""}",30
"Dead Man’s Hand","{""Lord Huron""}",30
"Silence","{Stromae}",30
"Burns Night","{""Calvin Harris""}",30
"Broken Arrow","{""Corey Hart""}",30
"Sky Diver","{""Owl City""}",30
"Time of the Moon","{t.A.T.u.}",30
"Loss of Life (Part 2)","{MGMT}",30
"Dimension of Depth","{""Ace of Base""}",30
"Nothing That Has Happened So Far Has Been Anything We Could Control","{""Tame Impala""}",30
"On the Wagon (outtake)","{""Green Day""}",31
"Riot Van","{""Arctic Monkeys""}",31
"Lucky Man (Remastered)","{""The Verve""}",31
"The Little Things Give You Away","{""Linkin Park""}",31
"You Know","{""Laura Marling""}",31
"Natale’s Song","{Sia}",31
"Love Is a Precious Thing","{Palace}",31
"Kiss Me","{""Matt Maltese""}",31
"Revolution","{""Robbie Williams""}",31
"If Only in Heaven’s Eyes","{NSYNC}",31
"Ran","{""Future Islands""}",31
"I Can’t Help It","{""Michael Jackson""}",31
"Luscious Life","{""Patrick Watson""}",31
"Nobody Loves You More","{""Kim Deal""}",31
"Let It Roll","{Train}",31
"Cave","{""Future Islands""}",32
"All Night Parking (feat. Erroll Garner)","{Adele}",32
"Out of Blue Comes Green","{a‐ha}",32
"Waste Management","{t.A.T.u.}",32
"All Night Parking (With Erroll Garner) (Interlude)","{Adele}",32
"find your way","{""San Holo"",""Bipolar Sunshine""}",32
"Go","{Flume}",32
"I'll Be Gone","{""Linkin Park""}",32
"One More Year","{""Tame Impala""}",32
"How Soon Is Now (extended)","{""David Guetta"",""Sebastian Ingrosso"",""Dirty South"",""Julie McKnight""}",32
"Untitled 1","{Keane}",32
"Pelican (edit)","{""David Guetta""}",32
"Ode To Sleep","{""twenty one pilots""}",32
"Did Anyone Approach You?","{a‐ha}",32
"Nice 2 Know U 1.5.3 [2020 Export.WAV]","{Flume}",32
"I’m Addicted","{Madonna}",33
"Chills (LA Hills)","{Tiesto,""A Boogie Wit da Hoodie""}",33
"Only Fans","{Flume,""Virgen Maria""}",33
"Living in Danger","{""Ace of Base""}",33
"Hier mit dir (Robin Schulz remix)","{""Tom Thaler"",Basil,""Robin Schulz""}",33
"Dancer in a Daydream","{""Ace of Base""}",33
"Mind Blown","{""Wiz Khalifa""}",33
"Star People (Forthright dub mix)","{""George Michael""}",33
"Warm Love in a Cold World","{""Elton John""}",33
"Falling Together","{""Jamie xx"",""Oona Doherty""}",33
"Luxus (Special Tanz Mix)","{""Herbert Gronemeyer""}",33
"Fever","{Madonna}",33
"Crescendolls","{""Daft Punk""}",33
"Prayer in C (Robin Schulz remix)","{""Lilly Wood and The Prick and Robin Schulz""}",33
"Always","{""David Guetta"",""JD Davis""}",33
"Parking Lot","{Mustard,""Travis Scott""}",34
"Baby's Gone Home To Mama","{""Josh Turner""}",34
"Believe","{""Justin Bieber""}",34
"Push My Luck","{""The Chainsmokers""}",34
"85","{""Andy Grammer""}",34
"Here We Go","{NSYNC}",34
"Electric Lady","{""Justin Timberlake""}",34
"Emanuela","{""Fettes Brot""}",34
"When Did You Get Hot?","{""Sabrina Carpenter""}",34
"Prove Your Love","{""Taylor Dayne""}",34
"Paul Is Dead","{Scooter,""Timmy Trumpet""}",34
"Cold","{""Timmy Trumpet""}",34
"Instruction","{""Jax Jones"",""Demi Lovato"",""Stefflon Don""}",34
"La Tortura (alternate version)","{Shakira,""Alejandro Sanz""}",34
"sHe","{ZAYN}",34
"You’ll Never Get Over Me","{a‐ha}",35
"claws","{""Charli xcx""}",35
"Teddy Picker","{""Arctic Monkeys""}",35
"Desperately","{""Josh Turner"",Maddie,Tae}",35
"How Do You Do","{Shakira}",35
"Cherry Blossom","{R3HAB}",35
"show me","{""San Holo""}",35
"Christmas Must Be Tonight","{Train}",35
"You Don't Seem to Miss Me","{""Josh Turner"",""Runaway Jane""}",35
"Gravity","{""Josh Turner""}",35
"Wonderful Life","{Seeed}",35
"All 4 U","{""Jax Jones""}",35
"Velvet","{a‐ha}",35
"Have Yourself a Merry Little Christmas","{Train}",35
"visions","{""Charli xcx""}",35
"Did He Shoot Her?","{""Elton John""}",36
"Hysteria","{Muse}",36
"Hum Hallelujah","{""Fall Out Boy""}",36
"In the End","{""Green Day""}",36
"Thoughts of a Dying Atheist","{Muse}",36
"Go Let It Out","{Oasis}",36
"Supersonic","{Oasis}",36
"Overdue","{Muse}",36
"Zeroes","{""David Bowie""}",36
"Troubled Times","{""Green Day""}",36
"Carpe Diem","{""Green Day""}",36
"Pulling Teeth","{""Green Day""}",36
"Up in the Sky (Monnow Valley version)","{Oasis}",36
"The Greatest Parade","{YUNGBLUD}",36
"In the End","{""Green Day""}",36
"opposite","{""Sabrina Carpenter""}",37
"MILAMORES","{""Sofia Reyes"",""Gera MX""}",37
"OK (feat. James Blunt)","{""Robin Schulz""}",37
"Cry Pretty","{""Carrie Underwood""}",37
"Valentine","{Train}",37
"Long Time","{""Phillip Phillips""}",37
"O Holy Night","{Train}",37
"Rollin’ Right Along","{""Shawn Mendes""}",37
"I Know","{Macklemore}",37
"Spinning Bottles","{""Carrie Underwood""}",37
"fOoL fOr YoU","{ZAYN}",37
"Gaia","{""Sofia Reyes"",Delian}",37
"Take Time (interlude)","{GIVEON}",37
"Hazel","{""Phillip Phillips""}",37
"Keep Moving","{""Charlotte Day Wilson""}",37
"Still","{""Noah Kahan""}",38
"I’ll Follow the Sun","{""The Beatles""}",38
"Can We Pretend","{""Bill Withers""}",38
"Love Story (US Album Version)","{""Taylor Swift""}",38
"Picture Frame","{""The Kooks""}",38
"Fifteen","{""Taylor Swift""}",38
"Music by Men","{Florence,""the Machine""}",38
"Teddy Boy (1969 Glyn Johns mix)","{""The Beatles""}",38
"This Is What It Takes","{""Shawn Mendes""}",38
"The Scaffold","{""Elton John""}",38
"Times Like These","{""Kid Rock""}",38
"Darling I'm a Mess","{""Sabrina Carpenter""}",38
"Mary’s Song (Oh My My My)","{""Taylor Swift""}",38
"Freedom","{""Ed Sheeran""}",38
"Riot Van","{""Arctic Monkeys""}",38
"The Meaning of Soul","{Oasis}",39
"Raise Me Up (Mississippi South)","{""Lana Del Rey""}",39
"You’ll Never Get Over Me (live Oslo 2001)","{a‐ha}",39
"Dead On Arrival","{""Fall Out Boy""}",39
"Don’t Tell Me","{""Phillip Phillips""}",39
"Weight of Time","{""Rise Against""}",39
"Not Leavin’ Yet","{Nickelback}",39
"20 Dollar Nose Bleed","{""Fall Out Boy""}",39
"Chicago Is So Two Years Ago","{""Fall Out Boy""}",39
"The (Shipped) Gold Standard","{""Fall Out Boy""}",39
"America’s Suitehearts","{""Fall Out Boy""}",39
"Gethsemane","{""Rise Against""}",39
"My Life Inside Your Heart","{""Rise Against""}",39
"Saturday","{""Fall Out Boy""}",39
"Please Mister Postman","{""The Beatles""}",39
"Vanish Into You","{""Lady Gaga""}",40
"Take a Chance on Me","{ABBA}",40
"Company","{""Justin Bieber""}",40
"Different World","{""Alan Walker"",K‐391,CORSAK,""Sofia Carson""}",40
"Get Outta My Heart","{""Ava Max""}",40
"I Love You, Will You Marry Me","{YUNGBLUD}",40
"Right Now","{Rihanna,""David Guetta""}",40
"Codes","{""Ellie Goulding""}",40
"Heaven's Gate","{""Fall Out Boy""}",40
"Hopeless","{Khalid}",40
"Together","{""Demi Lovato"",""Jason Derulo""}",40
"No Promises","{""Shawn Mendes""}",40
"Crack a Bottle","{Eminem,""Dr. Dre"",""50 Cent""}",40
"Rockabye","{""Clean Bandit"",""Sean Paul"",Anne-Marie}",40
"My Man On Willpower","{""Sabrina Carpenter""}",40
"Lucky","{AURORA}",41
"Plans We Made","{""Son Lux""}",41
"Rabid Dog","{Palace}",41
"Holding You, Holding Me","{""Cigarettes After Sex""}",41
"SKINNY","{""Billie Eilish""}",41
"Last Mile Home","{""Kings of Leon""}",41
"Hot","{""Cigarettes After Sex""}",41
"Honesty","{""Son Lux""}",41
"Breathe","{NF}",41
"Wish I Was","{""Kim Deal""}",41
"Sugarbread","{Soap,Skin}",41
"Sunset","{""The xx""}",41
"Runaway [feat. Pusha T]","{Ye}",41
"Apocalypse","{""Cigarettes After Sex""}",41
"Shrike","{Hozier}",41
"Ms. Jackson (a cappella)","{OutKast}",42
"All You Got (skit)","{Eminem}",42
"Interlude","{OutKast}",42
"N95","{""Kendrick Lamar""}",42
"Intro","{""Demi Lovato""}",42
"D-Boi (Interlude)","{OutKast}",42
"Good Day, Good Sir","{OutKast}",42
"MLK Interlude","{""Justin Bieber""}",42
"Ken Kaniff (skit)","{Eminem}",42
"Paul (skit)","{Eminem}",42
"Alfred (Intro)","{Eminem}",42
"Dr. West (Skit)","{Eminem}",42
"Song of the Century","{""Green Day""}",42
"Paul (skit)","{Eminem}",42
"Ken Kaniff","{Eminem}",42
"What About Livingstone","{ABBA}",43
"Peace Piece (ft. Big KRIT)","{B.o.B}",43
"Right Back","{Khalid}",43
"Cold as Ice","{""Ava Max""}",43
"Mama","{""Clean Bandit"",""Ellie Goulding""}",43
"Diamonds & Dancefloors","{""Ava Max""}",43
"Show Me","{""Bruno Mars""}",43
"Bus Stop (feat. Brent Faiyaz)","{""Don Toliver""}",43
"Osaka","{SHAED}",43
"Dr. Sun","{""Ace of Base""}",43
"Only 1","{""Ariana Grande""}",43
"Dracula","{""Tame Impala""}",43
"Break Free","{""Ariana Grande"",Zedd}",43
"Call Me Tonight","{""Ava Max""}",43
"New York City","{""Owl City""}",43
"Team","{Lorde}",44
"Until the End of Time","{""Justin Timberlake"",""w/ Beyonce""}",44
"late at night","{""Roddy Ricch""}",44
"Time (extended)","{NF}",44
"Tobey","{Eminem,""Big Sean"",BabyTron}",44
"Stayin Out All Night","{""Wiz Khalifa""}",44
"King of the Jungle","{Tyga}",44
"Coachella — Woodstock in My Mind","{""Lana Del Rey""}",44
"La solassitude","{Stromae}",44
"Technicolor","{""Justin Timberlake""}",44
"Channel 1","{""The Chainsmokers""}",44
"MAMA","{NF}",44
"God Bless the Internet","{""SAINt JHN""}",44
"Hate Myself","{NF}",44
"Fire Meet Gasoline","{Sia}",44
"Little Man (Exemen Works)","{Sia}",45
"Gang Bang","{Madonna}",45
"LA Ride","{Tiesto}",45
"Grrrr","{""David Guetta""}",45
"GODD (extended mix)","{Hardwell}",45
"Waves (Robin Schulz remix)","{""Mr. Probz""}",45
"Tomorrow (Extended Mix)","{VIZE,ALOTT}",45
"Waves (Robin Schulz Radio Remix)","{""Mr. Probz""}",45
"On the Dancefloor (extended)","{""David Guetta"",will.i.am,apl.de.ap}",45
"You're Not Alone","{""David Guetta"",""Tara McDonald""}",45
"I Wanna Go Crazy (extended)","{""David Guetta"",will.i.am,apl.de.ap}",45
"Spree Ahoi (feat. Steven Coulter)","{""Thomas Lizzara"",""Steven Coulter""}",45
"End of Slaphouse","{VIZE,ALOTT}",45
"The World Is Mine","{""Joachim Garraud""}",45
"Sound of Letting Go (extended)","{""David Guetta"",Tocadisco,""Chris Willis""}",45
"Wither","{""Son Lux""}",46
"Ethereal Connection","{""Tame Impala""}",46
"I FEEL LIKE DANCING (extended mix)","{Hardwell}",46
"Tonya (skit)","{Eminem}",46
"97' Bonnie & Clyde","{Eminem}",46
"House Music","{""Benny Benassi""}",46
"Ich fühle dich","{Alligatoah}",46
"PACMAN (extended mix)","{Hardwell}",46
"DOPAMINE (extended mix)","{Hardwell}",46
"The Radiance","{""Linkin Park""}",46
"Open Your Eyes","{""David Guetta""}",46
"?","{OutKast}",46
"SELF DESTRUCT (extended mix)","{Hardwell}",46
"Erotica","{Madonna}",46
"Final Thought (skit)","{Eminem}",46
"One More Try (live gospel version)","{""George Michael""}",47
"Smile","{""Michael Buble""}",47
"Wonderful","{""Tones and I""}",47
"Home","{AURORA}",47
"Lonely Alcoholic (live)","{MIKA}",47
"Artificial Paradise","{OneRepublic}",47
"I Thought She Knew","{NSYNC}",47
"Heroin","{""Lana Del Rey""}",47
"Dort und Hier","{""Herbert Gronemeyer""}",47
"Ends & Begins","{Labrinth}",47
"Terrence Loves You","{""Lana Del Rey""}",47
"Churchyard","{AURORA}",47
"White Lies","{""Son Lux""}",47
"the great clown Pagliacci","{""San Holo""}",47
"Alfred (outro)","{Eminem}",47
"Montana","{""French Montana""}",48
"Gordita","{Shakira,Residente}",48
"Air & Water Interlude (feat. Rapsody)","{T.I.}",48
"On GOD","{Mustard,YG,Tyga,""A$AP Ferg"",""A$AP Rocky""}",48
"Pardon","{T.I.,""Lil Baby""}",48
"Pure Water","{Mustard,Migos}",48
"Intro","{Ye}",48
"Graduation Day","{Ye}",48
"Ballin’","{Mustard,""Roddy Ricch""}",48
"We Don't Care","{Ye}",48
"Breathe In Breathe Out","{Ye}",48
"Ring (feat. Young Thug)","{T.I.}",48
"Murder","{""Justin Timberlake"",JAY‐Z}",48
"No Shopping","{""French Montana"",Drake,""Rick Ross"",""Lil Wayne""}",48
"Taillights","{Macklemore}",48
"Goes Without Saying","{""Post Malone""}",49
"At Your Feet","{""The Script""}",49
"Sample City (single edit)","{""Boney M.""}",49
"Waking","{""Future Islands""}",49
"Feed Me","{""Elton John""}",49
"You’re No Good","{""Die Toten Hosen""}",49
"Adore You","{""Harry Styles""}",49
"All We've Ever Wanted","{Palace}",49
"Let It Happen","{""Tame Impala""}",49
"Wicked Game","{G‐Eazy,""Devon Baldwin""}",49
"I See You","{""Bobby Farrell""}",49
"Random Acts Of Kindness","{""Robbie Williams""}",49
"Grim Reaper","{""The Wombats""}",49
"Good Times, Cheap Wine","{""Kid Rock""}",49
"The Living Daylights","{a‐ha}",49
"Baby","{Gotye}",50
"Undertow","{""Son Lux""}",50
"Out of Wind","{""Son Lux""}",50
"Fall","{""Patrick Watson""}",50
"Labor","{""Son Lux""}",50
"I Saw You","{""Fred again.."",""Brian Eno""}",50
"Make It ‘Til Monday (2016 Remastered)","{""The Verve""}",50
"Intro","{Muse}",50
"((home movie: shoes on))","{""Glass Animals""}",50
"Beautiful Mind (2016 Remastered)","{""The Verve""}",50
"Rainbow","{Coldplay}",50
"Fireweed","{""Patrick Watson""}",50
"Ashes","{Ghost}",50
"Michael’s Christmas Greeting","{""Michael Buble""}",50
"I Miss You","{Adele}",50
"She’s Alive","{OutKast}",51
"It Takes Two (Bonus Track)","{""Robbie Williams"",""Rod Stewart""}",51
"Seven Seas of Rhye","{Queen}",51
"Spitting Games (Live)","{""Snow Patrol""}",51
"Nonchalant","{""Suki Waterhouse""}",51
"Supremacy","{Muse}",51
"Bad to Me","{""Die Toten Hosen""}",51
"Junkies on a High","{""Green Day""}",51
"She Shook Me Cold","{""David Bowie""}",51
"Homecoming","{""Green Day""}",51
"I Want It All","{Queen}",51
"All I Need Is You","{""John Newman""}",51
"Rain (2022 stereo mix)","{""The Beatles""}",51
"Saviour Machine","{""David Bowie""}",51
"Someday","{Nickelback}",51
"Ala-Fuckin’-Bama","{""Kid Rock""}",52
"True Blue","{Madonna}",52
"Everyday’s Forecast","{""Gym Class Heroes""}",52
"Shakey Ground","{""Don Henley"",""Elton John""}",52
"Workin’ Day and Night","{""Michael Jackson""}",52
"Fuck the World Off","{""The Kooks""}",52
"Hello (Album Version)","{Eminem}",52
"Love Makes the World Go Round","{Madonna}",52
"One of the Boys","{""Katy Perry""}",52
"Monks","{""Frank Ocean""}",52
"Spinning the Wheel (The Jon Douglas remix)","{""George Michael""}",52
"Running Game (Son of a Slave Master)","{Prince}",52
"I'll Be Your Shelter","{""Taylor Dayne""}",52
"Nothin' Else","{""Justin Timberlake""}",52
"The Sweetest Taboo","{Sade}",52
"Truffles","{Wheatus}",53
"Radioactive","{""Imagine Dragons""}",53
"Paperback Writer (takes 1 & 2 / backing track)","{""The Beatles""}",53
"Fillip","{Muse}",53
"Pretty Visitors","{""Arctic Monkeys""}",53
"Long & Lost","{Florence,""the Machine""}",53
"Last Day Alive","{""The Chainsmokers"",""Florida Georgia Line""}",53
"More Than You Thought","{Flume}",53
"Castle of Glass","{""Linkin Park""}",53
"Stay Away","{""Charli xcx""}",53
"My Boy Only Breaks His Favorite Toys","{""Taylor Swift""}",53
"Belle","{R3HAB}",53
"Always Been You","{""Shawn Mendes""}",53
"Git Up, Git Out","{OutKast}",53
"Glam Slam","{Prince}",53
"I Want to Hold Your Hand (stereo)","{""The Beatles""}",54
"I Don’t Want to Spoil the Party (mono)","{""The Beatles""}",54
"She Loves You","{""The Beatles""}",54
"Please Mr. Postman","{""The Beatles""}",54
"Tell Me Why (stereo)","{""The Beatles""}",54
"I’m Happy Just to Dance With You (mono)","{""The Beatles""}",54
"Hold Me Tight (mono)","{""The Beatles""}",54
"Place Inside My Head (demo)","{""Green Day""}",54
"Everybody’s Trying to Be My Baby (mono)","{""The Beatles""}",54
"I Feel Fine (mono)","{""The Beatles""}",54
"Good Morning Good Morning","{""The Beatles""}",54
"Dizzy Miss Lizzy","{""The Beatles""}",54
"Don’t Bother Me (stereo)","{""The Beatles""}",54
"When I Get Home (stereo)","{""The Beatles""}",54
"When I Get Home (mono)","{""The Beatles""}",54
"Far Away","{Nickelback}",55
"Silenced by the Night","{Keane}",55
"Skyline Pigeon","{""Elton John""}",55
"Only Angel","{""Harry Styles""}",55
"Amazes Me","{""Elton John""}",55
"Mansfield","{""Elton John""}",55
"Amsterdam","{""Imagine Dragons""}",55
"As If","{a‐ha}",55
"No Pressure","{""The Kooks""}",55
"Girls","{""David Bowie""}",55
"High Flying Bird","{""Elton John""}",55
"¡Viva La Gloria!","{""Green Day""}",55
"Saint","{""Elton John""}",55
"The End Will Come","{""Elton John""}",55
"Day Will Come","{Keane}",55
"5iliconeator","{""Calvin Harris""}",56
"Amsterdam","{Coldplay}",56
"Daydreamer","{""Patrick Watson""}",56
"Exogenesis: Symphony, Part 3: Redemption","{Muse}",56
"I’m Not Important to You","{Sia}",56
"Weight of Your Air","{""Son Lux""}",56
"Mr. Tom","{""Patrick Watson""}",56
"Eight Line Poem","{""David Bowie""}",56
"One Day (Remastered 2016)","{""The Verve""}",56
"Strange Rain","{""Patrick Watson""}",56
"Palindrome","{Soap,Skin}",56
"The Seer’s Tower","{""Sufjan Stevens""}",56
"Trip Inside (Be Here Now) (Mustique demo)","{Oasis}",56
"Night Vision","{""Daft Punk""}",56
"For Raymond Scott","{""Sufjan Stevens"",""Lowell Brams""}",56
"Penny Lane (Capitol Records mono US promo mix)","{""The Beatles""}",57
"Revolution 1","{""The Beatles""}",57
"Gimme Some Truth (rehearsal) (mono)","{""The Beatles""}",57
"A Dandelion Dies in the Wind","{""Elton John""}",57
"Watching the Planes Go By","{""Elton John""}",57
"One After 909 (take 3)","{""The Beatles""}",57
"Everybody’s Talkin’","{""Bill Withers""}",57
"Val-Hala","{""Elton John""}",57
"Please Please Me","{""The Beatles""}",57
"Drive My Car","{""The Beatles""}",57
"Waterloo (alternate mix)","{ABBA}",57
"And Your Bird Can Sing","{""The Beatles""}",57
"Within You Without You","{""The Beatles""}",57
"White Canvas","{a‐ha}",57
"Gas Panic!","{Oasis}",57
"Morning Glory","{Oasis}",58
"Don’t Look Back in Anger","{Oasis}",58
"Cast No Shadow","{Oasis}",58
"Hello","{Oasis}",58
"Champagne Supernova","{Oasis}",58
"Some Might Say","{Oasis}",58
"Hey Now!","{Oasis}",58
"[untitled]","{Oasis}",58
"Roll With It","{Oasis}",58
"She’s Electric","{Oasis}",58
"Wonderwall","{Oasis}",58
"[untitled]","{Oasis}",58
"The Day and the Time","{Shakira}",59
"Goo","{""Em Beihold""}",59
"Jungle","{""Sean Kingston""}",59
"Outnumbered","{""Dermot Kennedy""}",59
"Shed a Light","{""Robin Schulz""}",59
"Slide","{""French Montana"",Blueface,""Lil Tjay""}",59
"Like You Mean It (feat. Rhys)","{""Robin Schulz""}",59
"Fools","{""Robin Schulz"",Aalias,iRO}",59
"Diamonds Are Forever","{""Sabrina Carpenter""}",59
"On The Hood (feat. 42 Dugg & Mozzy)","{T.I.}",59
"ain’t trippin","{blackbear}",59
"Set Da Scene","{B.o.B}",59
"Lucky Him","{""Sean Kingston""}",59
"A tu manera [CORBATA]","{""Sofia Reyes"",Jhayco}",59
"if i were u","{blackbear,Lauv}",59
